"bookmark_count","bookmarked","conversation_id_str","created_at","entities/hashtags/0/indices/0","entities/hashtags/0/indices/1","entities/hashtags/0/text","entities/hashtags/1/indices/0","entities/hashtags/1/indices/1","entities/hashtags/1/text","entities/hashtags/2/indices/0","entities/hashtags/2/indices/1","entities/hashtags/2/text","entities/hashtags/3/indices/0","entities/hashtags/3/indices/1","entities/hashtags/3/text","entities/hashtags/4/indices/0","entities/hashtags/4/indices/1","entities/hashtags/4/text","entities/hashtags/5/indices/0","entities/hashtags/5/indices/1","entities/hashtags/5/text","entities/hashtags/6/indices/0","entities/hashtags/6/indices/1","entities/hashtags/6/text","entities/hashtags/7/indices/0","entities/hashtags/7/indices/1","entities/hashtags/7/text","entities/hashtags/8/indices/0","entities/hashtags/8/indices/1","entities/hashtags/8/text","entities/hashtags/9/indices/0","entities/hashtags/9/indices/1","entities/hashtags/9/text","entities/hashtags/10/indices/0","entities/hashtags/10/indices/1","entities/hashtags/10/text","entities/media/0/additional_media_info/monetizable","entities/media/0/allow_download_status/allow_download","entities/media/0/display_url","entities/media/0/expanded_url","entities/media/0/ext_alt_text","entities/media/0/ext_media_availability/status","entities/media/0/features/all/tags/0/name","entities/media/0/features/all/tags/0/screen_name","entities/media/0/features/all/tags/0/type","entities/media/0/features/all/tags/0/user_id","entities/media/0/features/all/tags/1/name","entities/media/0/features/all/tags/1/screen_name","entities/media/0/features/all/tags/1/type","entities/media/0/features/all/tags/1/user_id","entities/media/0/features/all/tags/2/name","entities/media/0/features/all/tags/2/screen_name","entities/media/0/features/all/tags/2/type","entities/media/0/features/all/tags/2/user_id","entities/media/0/features/large/faces/0/h","entities/media/0/features/large/faces/0/w","entities/media/0/features/large/faces/0/x","entities/media/0/features/large/faces/0/y","entities/media/0/features/large/faces/1/h","entities/media/0/features/large/faces/1/w","entities/media/0/features/large/faces/1/x","entities/media/0/features/large/faces/1/y","entities/media/0/features/large/faces/2/h","entities/media/0/features/large/faces/2/w","entities/media/0/features/large/faces/2/x","entities/media/0/features/large/faces/2/y","entities/media/0/features/medium/faces/0/h","entities/media/0/features/medium/faces/0/w","entities/media/0/features/medium/faces/0/x","entities/media/0/features/medium/faces/0/y","entities/media/0/features/medium/faces/1/h","entities/media/0/features/medium/faces/1/w","entities/media/0/features/medium/faces/1/x","entities/media/0/features/medium/faces/1/y","entities/media/0/features/medium/faces/2/h","entities/media/0/features/medium/faces/2/w","entities/media/0/features/medium/faces/2/x","entities/media/0/features/medium/faces/2/y","entities/media/0/features/orig/faces/0/h","entities/media/0/features/orig/faces/0/w","entities/media/0/features/orig/faces/0/x","entities/media/0/features/orig/faces/0/y","entities/media/0/features/orig/faces/1/h","entities/media/0/features/orig/faces/1/w","entities/media/0/features/orig/faces/1/x","entities/media/0/features/orig/faces/1/y","entities/media/0/features/orig/faces/2/h","entities/media/0/features/orig/faces/2/w","entities/media/0/features/orig/faces/2/x","entities/media/0/features/orig/faces/2/y","entities/media/0/features/small/faces/0/h","entities/media/0/features/small/faces/0/w","entities/media/0/features/small/faces/0/x","entities/media/0/features/small/faces/0/y","entities/media/0/features/small/faces/1/h","entities/media/0/features/small/faces/1/w","entities/media/0/features/small/faces/1/x","entities/media/0/features/small/faces/1/y","entities/media/0/features/small/faces/2/h","entities/media/0/features/small/faces/2/w","entities/media/0/features/small/faces/2/x","entities/media/0/features/small/faces/2/y","entities/media/0/id_str","entities/media/0/indices/0","entities/media/0/indices/1","entities/media/0/media_key","entities/media/0/media_results/result/media_key","entities/media/0/media_url_https","entities/media/0/original_info/focus_rects/0/h","entities/media/0/original_info/focus_rects/0/w","entities/media/0/original_info/focus_rects/0/x","entities/media/0/original_info/focus_rects/0/y","entities/media/0/original_info/focus_rects/1/h","entities/media/0/original_info/focus_rects/1/w","entities/media/0/original_info/focus_rects/1/x","entities/media/0/original_info/focus_rects/1/y","entities/media/0/original_info/focus_rects/2/h","entities/media/0/original_info/focus_rects/2/w","entities/media/0/original_info/focus_rects/2/x","entities/media/0/original_info/focus_rects/2/y","entities/media/0/original_info/focus_rects/3/h","entities/media/0/original_info/focus_rects/3/w","entities/media/0/original_info/focus_rects/3/x","entities/media/0/original_info/focus_rects/3/y","entities/media/0/original_info/focus_rects/4/h","entities/media/0/original_info/focus_rects/4/w","entities/media/0/original_info/focus_rects/4/x","entities/media/0/original_info/focus_rects/4/y","entities/media/0/original_info/height","entities/media/0/original_info/width","entities/media/0/sizes/large/h","entities/media/0/sizes/large/resize","entities/media/0/sizes/large/w","entities/media/0/sizes/medium/h","entities/media/0/sizes/medium/resize","entities/media/0/sizes/medium/w","entities/media/0/sizes/small/h","entities/media/0/sizes/small/resize","entities/media/0/sizes/small/w","entities/media/0/sizes/thumb/h","entities/media/0/sizes/thumb/resize","entities/media/0/sizes/thumb/w","entities/media/0/type","entities/media/0/url","entities/media/0/video_info/aspect_ratio/0","entities/media/0/video_info/aspect_ratio/1","entities/media/0/video_info/duration_millis","entities/media/0/video_info/variants/0/content_type","entities/media/0/video_info/variants/0/url","entities/media/0/video_info/variants/1/bitrate","entities/media/0/video_info/variants/1/content_type","entities/media/0/video_info/variants/1/url","entities/media/0/video_info/variants/2/bitrate","entities/media/0/video_info/variants/2/content_type","entities/media/0/video_info/variants/2/url","entities/media/0/video_info/variants/3/bitrate","entities/media/0/video_info/variants/3/content_type","entities/media/0/video_info/variants/3/url","entities/media/1/allow_download_status/allow_download","entities/media/1/display_url","entities/media/1/expanded_url","entities/media/1/ext_media_availability/status","entities/media/1/features/large/faces/0/h","entities/media/1/features/large/faces/0/w","entities/media/1/features/large/faces/0/x","entities/media/1/features/large/faces/0/y","entities/media/1/features/large/faces/1/h","entities/media/1/features/large/faces/1/w","entities/media/1/features/large/faces/1/x","entities/media/1/features/large/faces/1/y","entities/media/1/features/large/faces/2/h","entities/media/1/features/large/faces/2/w","entities/media/1/features/large/faces/2/x","entities/media/1/features/large/faces/2/y","entities/media/1/features/medium/faces/0/h","entities/media/1/features/medium/faces/0/w","entities/media/1/features/medium/faces/0/x","entities/media/1/features/medium/faces/0/y","entities/media/1/features/medium/faces/1/h","entities/media/1/features/medium/faces/1/w","entities/media/1/features/medium/faces/1/x","entities/media/1/features/medium/faces/1/y","entities/media/1/features/medium/faces/2/h","entities/media/1/features/medium/faces/2/w","entities/media/1/features/medium/faces/2/x","entities/media/1/features/medium/faces/2/y","entities/media/1/features/orig/faces/0/h","entities/media/1/features/orig/faces/0/w","entities/media/1/features/orig/faces/0/x","entities/media/1/features/orig/faces/0/y","entities/media/1/features/orig/faces/1/h","entities/media/1/features/orig/faces/1/w","entities/media/1/features/orig/faces/1/x","entities/media/1/features/orig/faces/1/y","entities/media/1/features/orig/faces/2/h","entities/media/1/features/orig/faces/2/w","entities/media/1/features/orig/faces/2/x","entities/media/1/features/orig/faces/2/y","entities/media/1/features/small/faces/0/h","entities/media/1/features/small/faces/0/w","entities/media/1/features/small/faces/0/x","entities/media/1/features/small/faces/0/y","entities/media/1/features/small/faces/1/h","entities/media/1/features/small/faces/1/w","entities/media/1/features/small/faces/1/x","entities/media/1/features/small/faces/1/y","entities/media/1/features/small/faces/2/h","entities/media/1/features/small/faces/2/w","entities/media/1/features/small/faces/2/x","entities/media/1/features/small/faces/2/y","entities/media/1/id_str","entities/media/1/indices/0","entities/media/1/indices/1","entities/media/1/media_key","entities/media/1/media_results/result/media_key","entities/media/1/media_url_https","entities/media/1/original_info/focus_rects/0/h","entities/media/1/original_info/focus_rects/0/w","entities/media/1/original_info/focus_rects/0/x","entities/media/1/original_info/focus_rects/0/y","entities/media/1/original_info/focus_rects/1/h","entities/media/1/original_info/focus_rects/1/w","entities/media/1/original_info/focus_rects/1/x","entities/media/1/original_info/focus_rects/1/y","entities/media/1/original_info/focus_rects/2/h","entities/media/1/original_info/focus_rects/2/w","entities/media/1/original_info/focus_rects/2/x","entities/media/1/original_info/focus_rects/2/y","entities/media/1/original_info/focus_rects/3/h","entities/media/1/original_info/focus_rects/3/w","entities/media/1/original_info/focus_rects/3/x","entities/media/1/original_info/focus_rects/3/y","entities/media/1/original_info/focus_rects/4/h","entities/media/1/original_info/focus_rects/4/w","entities/media/1/original_info/focus_rects/4/x","entities/media/1/original_info/focus_rects/4/y","entities/media/1/original_info/height","entities/media/1/original_info/width","entities/media/1/sizes/large/h","entities/media/1/sizes/large/resize","entities/media/1/sizes/large/w","entities/media/1/sizes/medium/h","entities/media/1/sizes/medium/resize","entities/media/1/sizes/medium/w","entities/media/1/sizes/small/h","entities/media/1/sizes/small/resize","entities/media/1/sizes/small/w","entities/media/1/sizes/thumb/h","entities/media/1/sizes/thumb/resize","entities/media/1/sizes/thumb/w","entities/media/1/type","entities/media/1/url","entities/urls/0/display_url","entities/urls/0/expanded_url","entities/urls/0/indices/0","entities/urls/0/indices/1","entities/urls/0/url","entities/user_mentions/0/id_str","entities/user_mentions/0/indices/0","entities/user_mentions/0/indices/1","entities/user_mentions/0/name","entities/user_mentions/0/screen_name","entities/user_mentions/1/id_str","entities/user_mentions/1/indices/0","entities/user_mentions/1/indices/1","entities/user_mentions/1/name","entities/user_mentions/1/screen_name","extended_entities/media/0/additional_media_info/monetizable","extended_entities/media/0/allow_download_status/allow_download","extended_entities/media/0/display_url","extended_entities/media/0/expanded_url","extended_entities/media/0/ext_alt_text","extended_entities/media/0/ext_media_availability/status","extended_entities/media/0/features/all/tags/0/name","extended_entities/media/0/features/all/tags/0/screen_name","extended_entities/media/0/features/all/tags/0/type","extended_entities/media/0/features/all/tags/0/user_id","extended_entities/media/0/features/all/tags/1/name","extended_entities/media/0/features/all/tags/1/screen_name","extended_entities/media/0/features/all/tags/1/type","extended_entities/media/0/features/all/tags/1/user_id","extended_entities/media/0/features/all/tags/2/name","extended_entities/media/0/features/all/tags/2/screen_name","extended_entities/media/0/features/all/tags/2/type","extended_entities/media/0/features/all/tags/2/user_id","extended_entities/media/0/features/large/faces/0/h","extended_entities/media/0/features/large/faces/0/w","extended_entities/media/0/features/large/faces/0/x","extended_entities/media/0/features/large/faces/0/y","extended_entities/media/0/features/large/faces/1/h","extended_entities/media/0/features/large/faces/1/w","extended_entities/media/0/features/large/faces/1/x","extended_entities/media/0/features/large/faces/1/y","extended_entities/media/0/features/large/faces/2/h","extended_entities/media/0/features/large/faces/2/w","extended_entities/media/0/features/large/faces/2/x","extended_entities/media/0/features/large/faces/2/y","extended_entities/media/0/features/medium/faces/0/h","extended_entities/media/0/features/medium/faces/0/w","extended_entities/media/0/features/medium/faces/0/x","extended_entities/media/0/features/medium/faces/0/y","extended_entities/media/0/features/medium/faces/1/h","extended_entities/media/0/features/medium/faces/1/w","extended_entities/media/0/features/medium/faces/1/x","extended_entities/media/0/features/medium/faces/1/y","extended_entities/media/0/features/medium/faces/2/h","extended_entities/media/0/features/medium/faces/2/w","extended_entities/media/0/features/medium/faces/2/x","extended_entities/media/0/features/medium/faces/2/y","extended_entities/media/0/features/orig/faces/0/h","extended_entities/media/0/features/orig/faces/0/w","extended_entities/media/0/features/orig/faces/0/x","extended_entities/media/0/features/orig/faces/0/y","extended_entities/media/0/features/orig/faces/1/h","extended_entities/media/0/features/orig/faces/1/w","extended_entities/media/0/features/orig/faces/1/x","extended_entities/media/0/features/orig/faces/1/y","extended_entities/media/0/features/orig/faces/2/h","extended_entities/media/0/features/orig/faces/2/w","extended_entities/media/0/features/orig/faces/2/x","extended_entities/media/0/features/orig/faces/2/y","extended_entities/media/0/features/small/faces/0/h","extended_entities/media/0/features/small/faces/0/w","extended_entities/media/0/features/small/faces/0/x","extended_entities/media/0/features/small/faces/0/y","extended_entities/media/0/features/small/faces/1/h","extended_entities/media/0/features/small/faces/1/w","extended_entities/media/0/features/small/faces/1/x","extended_entities/media/0/features/small/faces/1/y","extended_entities/media/0/features/small/faces/2/h","extended_entities/media/0/features/small/faces/2/w","extended_entities/media/0/features/small/faces/2/x","extended_entities/media/0/features/small/faces/2/y","extended_entities/media/0/id_str","extended_entities/media/0/indices/0","extended_entities/media/0/indices/1","extended_entities/media/0/media_key","extended_entities/media/0/media_results/result/media_key","extended_entities/media/0/media_url_https","extended_entities/media/0/original_info/focus_rects/0/h","extended_entities/media/0/original_info/focus_rects/0/w","extended_entities/media/0/original_info/focus_rects/0/x","extended_entities/media/0/original_info/focus_rects/0/y","extended_entities/media/0/original_info/focus_rects/1/h","extended_entities/media/0/original_info/focus_rects/1/w","extended_entities/media/0/original_info/focus_rects/1/x","extended_entities/media/0/original_info/focus_rects/1/y","extended_entities/media/0/original_info/focus_rects/2/h","extended_entities/media/0/original_info/focus_rects/2/w","extended_entities/media/0/original_info/focus_rects/2/x","extended_entities/media/0/original_info/focus_rects/2/y","extended_entities/media/0/original_info/focus_rects/3/h","extended_entities/media/0/original_info/focus_rects/3/w","extended_entities/media/0/original_info/focus_rects/3/x","extended_entities/media/0/original_info/focus_rects/3/y","extended_entities/media/0/original_info/focus_rects/4/h","extended_entities/media/0/original_info/focus_rects/4/w","extended_entities/media/0/original_info/focus_rects/4/x","extended_entities/media/0/original_info/focus_rects/4/y","extended_entities/media/0/original_info/height","extended_entities/media/0/original_info/width","extended_entities/media/0/sizes/large/h","extended_entities/media/0/sizes/large/resize","extended_entities/media/0/sizes/large/w","extended_entities/media/0/sizes/medium/h","extended_entities/media/0/sizes/medium/resize","extended_entities/media/0/sizes/medium/w","extended_entities/media/0/sizes/small/h","extended_entities/media/0/sizes/small/resize","extended_entities/media/0/sizes/small/w","extended_entities/media/0/sizes/thumb/h","extended_entities/media/0/sizes/thumb/resize","extended_entities/media/0/sizes/thumb/w","extended_entities/media/0/type","extended_entities/media/0/url","extended_entities/media/0/video_info/aspect_ratio/0","extended_entities/media/0/video_info/aspect_ratio/1","extended_entities/media/0/video_info/duration_millis","extended_entities/media/0/video_info/variants/0/content_type","extended_entities/media/0/video_info/variants/0/url","extended_entities/media/0/video_info/variants/1/bitrate","extended_entities/media/0/video_info/variants/1/content_type","extended_entities/media/0/video_info/variants/1/url","extended_entities/media/0/video_info/variants/2/bitrate","extended_entities/media/0/video_info/variants/2/content_type","extended_entities/media/0/video_info/variants/2/url","extended_entities/media/0/video_info/variants/3/bitrate","extended_entities/media/0/video_info/variants/3/content_type","extended_entities/media/0/video_info/variants/3/url","extended_entities/media/1/allow_download_status/allow_download","extended_entities/media/1/display_url","extended_entities/media/1/expanded_url","extended_entities/media/1/ext_media_availability/status","extended_entities/media/1/features/large/faces/0/h","extended_entities/media/1/features/large/faces/0/w","extended_entities/media/1/features/large/faces/0/x","extended_entities/media/1/features/large/faces/0/y","extended_entities/media/1/features/large/faces/1/h","extended_entities/media/1/features/large/faces/1/w","extended_entities/media/1/features/large/faces/1/x","extended_entities/media/1/features/large/faces/1/y","extended_entities/media/1/features/large/faces/2/h","extended_entities/media/1/features/large/faces/2/w","extended_entities/media/1/features/large/faces/2/x","extended_entities/media/1/features/large/faces/2/y","extended_entities/media/1/features/medium/faces/0/h","extended_entities/media/1/features/medium/faces/0/w","extended_entities/media/1/features/medium/faces/0/x","extended_entities/media/1/features/medium/faces/0/y","extended_entities/media/1/features/medium/faces/1/h","extended_entities/media/1/features/medium/faces/1/w","extended_entities/media/1/features/medium/faces/1/x","extended_entities/media/1/features/medium/faces/1/y","extended_entities/media/1/features/medium/faces/2/h","extended_entities/media/1/features/medium/faces/2/w","extended_entities/media/1/features/medium/faces/2/x","extended_entities/media/1/features/medium/faces/2/y","extended_entities/media/1/features/orig/faces/0/h","extended_entities/media/1/features/orig/faces/0/w","extended_entities/media/1/features/orig/faces/0/x","extended_entities/media/1/features/orig/faces/0/y","extended_entities/media/1/features/orig/faces/1/h","extended_entities/media/1/features/orig/faces/1/w","extended_entities/media/1/features/orig/faces/1/x","extended_entities/media/1/features/orig/faces/1/y","extended_entities/media/1/features/orig/faces/2/h","extended_entities/media/1/features/orig/faces/2/w","extended_entities/media/1/features/orig/faces/2/x","extended_entities/media/1/features/orig/faces/2/y","extended_entities/media/1/features/small/faces/0/h","extended_entities/media/1/features/small/faces/0/w","extended_entities/media/1/features/small/faces/0/x","extended_entities/media/1/features/small/faces/0/y","extended_entities/media/1/features/small/faces/1/h","extended_entities/media/1/features/small/faces/1/w","extended_entities/media/1/features/small/faces/1/x","extended_entities/media/1/features/small/faces/1/y","extended_entities/media/1/features/small/faces/2/h","extended_entities/media/1/features/small/faces/2/w","extended_entities/media/1/features/small/faces/2/x","extended_entities/media/1/features/small/faces/2/y","extended_entities/media/1/id_str","extended_entities/media/1/indices/0","extended_entities/media/1/indices/1","extended_entities/media/1/media_key","extended_entities/media/1/media_results/result/media_key","extended_entities/media/1/media_url_https","extended_entities/media/1/original_info/focus_rects/0/h","extended_entities/media/1/original_info/focus_rects/0/w","extended_entities/media/1/original_info/focus_rects/0/x","extended_entities/media/1/original_info/focus_rects/0/y","extended_entities/media/1/original_info/focus_rects/1/h","extended_entities/media/1/original_info/focus_rects/1/w","extended_entities/media/1/original_info/focus_rects/1/x","extended_entities/media/1/original_info/focus_rects/1/y","extended_entities/media/1/original_info/focus_rects/2/h","extended_entities/media/1/original_info/focus_rects/2/w","extended_entities/media/1/original_info/focus_rects/2/x","extended_entities/media/1/original_info/focus_rects/2/y","extended_entities/media/1/original_info/focus_rects/3/h","extended_entities/media/1/original_info/focus_rects/3/w","extended_entities/media/1/original_info/focus_rects/3/x","extended_entities/media/1/original_info/focus_rects/3/y","extended_entities/media/1/original_info/focus_rects/4/h","extended_entities/media/1/original_info/focus_rects/4/w","extended_entities/media/1/original_info/focus_rects/4/x","extended_entities/media/1/original_info/focus_rects/4/y","extended_entities/media/1/original_info/height","extended_entities/media/1/original_info/width","extended_entities/media/1/sizes/large/h","extended_entities/media/1/sizes/large/resize","extended_entities/media/1/sizes/large/w","extended_entities/media/1/sizes/medium/h","extended_entities/media/1/sizes/medium/resize","extended_entities/media/1/sizes/medium/w","extended_entities/media/1/sizes/small/h","extended_entities/media/1/sizes/small/resize","extended_entities/media/1/sizes/small/w","extended_entities/media/1/sizes/thumb/h","extended_entities/media/1/sizes/thumb/resize","extended_entities/media/1/sizes/thumb/w","extended_entities/media/1/type","extended_entities/media/1/url","favorite_count","favorited","full_text","id_str","in_reply_to_screen_name","in_reply_to_status_id_str","in_reply_to_user_id_str","is_quote_status","lang","metadata/request_query","metadata/request_url","possibly_sensitive","possibly_sensitive_editable","quote_count","quoted_status_id_str","quoted_status_permalink/display","quoted_status_permalink/expanded","quoted_status_permalink/url","reply_count","retweet_count","retweeted","truncated_full_text","url","user/can_dm","user/can_media_tag","user/created_at","user/default_profile_image","user/description","user/entities/description/urls/0/display_url","user/entities/description/urls/0/expanded_url","user/entities/description/urls/0/indices/0","user/entities/description/urls/0/indices/1","user/entities/description/urls/0/url","user/entities/url/urls/0/display_url","user/entities/url/urls/0/expanded_url","user/entities/url/urls/0/indices/0","user/entities/url/urls/0/indices/1","user/entities/url/urls/0/url","user/fast_followers_count","user/favourites_count","user/followers_count","user/friends_count","user/has_custom_timelines","user/is_blue_verified","user/is_translator","user/listed_count","user/location","user/media_count","user/name","user/normal_followers_count","user/possibly_sensitive","user/profile_banner_url","user/profile_image_url_https","user/screen_name","user/statuses_count","user/translator_type","user/url","user/verified","user/verified_type","user/want_retweets","user_id_str","views_count"
"0","false","1778452962496638990","Thu Apr 11 16:00:02 +0000 2024",,,,,,,,,,,,,,,,,,,,,,,,,,,,,,,,,,,"true","pic.twitter.com/bpKrdFQkcM","https://twitter.com/PrincessCharima/status/1778452962496638990/photo/1",,"Available",,,,,,,,,,,,,"184","184","616","766","198","198","214","282",,,,,"107","107","360","448","116","116","125","165",,,,,"184","184","616","766","198","198","214","282",,,,,"61","61","204","254","65","65","71","93",,,,,"1778452941265084416","13","36","3_1778452941265084416","3_1778452941265084416","https://pbs.twimg.com/media/GK5VhwXaoAA9BFH.jpg","860","1536","0","440","1536","1536","0","102","1751","1536","0","0","2048","1024","153","0","2048","1536","0","0","2048","1536","2048","fit","1536","1200","fit","900","680","fit","510","150","crop","150","photo","https://t.co/bpKrdFQkcM",,,,,,,,,,,,,,,"true","pic.twitter.com/bpKrdFQkcM","https://twitter.com/PrincessCharima/status/1778452962496638990/photo/1","Available","104","104","734","1274","174","174","676","742","206","206","216","240","60","60","430","746","101","101","396","434","120","120","126","140","104","104","734","1274","174","174","676","742","206","206","216","240","34","34","243","423","57","57","224","246","68","68","71","79","1778452941260959744","13","36","3_1778452941260959744","3_1778452941260959744","https://pbs.twimg.com/media/GK5VhwWbsAAGdBi.jpg","860","1536","0","1054","1536","1536","0","512","1751","1536","0","297","2048","1024","153","0","2048","1536","0","0","2048","1536","2048","fit","1536","1200","fit","900","680","fit","510","150","crop","150","photo","https://t.co/bpKrdFQkcM",,,,,,,,,,,,,,,,,"true","pic.twitter.com/bpKrdFQkcM","https://twitter.com/PrincessCharima/status/1778452962496638990/photo/1",,"Available",,,,,,,,,,,,,"184","184","616","766","198","198","214","282",,,,,"107","107","360","448","116","116","125","165",,,,,"184","184","616","766","198","198","214","282",,,,,"61","61","204","254","65","65","71","93",,,,,"1778452941265084416","13","36","3_1778452941265084416","3_1778452941265084416","https://pbs.twimg.com/media/GK5VhwXaoAA9BFH.jpg","860","1536","0","440","1536","1536","0","102","1751","1536","0","0","2048","1024","153","0","2048","1536","0","0","2048","1536","2048","fit","1536","1200","fit","900","680","fit","510","150","crop","150","photo","https://t.co/bpKrdFQkcM",,,,,,,,,,,,,,,"true","pic.twitter.com/bpKrdFQkcM","https://twitter.com/PrincessCharima/status/1778452962496638990/photo/1","Available","104","104","734","1274","174","174","676","742","206","206","216","240","60","60","430","746","101","101","396","434","120","120","126","140","104","104","734","1274","174","174","676","742","206","206","216","240","34","34","243","423","57","57","224","246","68","68","71","79","1778452941260959744","13","36","3_1778452941260959744","3_1778452941260959744","https://pbs.twimg.com/media/GK5VhwWbsAAGdBi.jpg","860","1536","0","1054","1536","1536","0","512","1751","1536","0","297","2048","1024","153","0","2048","1536","0","0","2048","1536","2048","fit","1536","1200","fit","900","680","fit","510","150","crop","150","photo","https://t.co/bpKrdFQkcM","0","false","My Uniqa iha https://t.co/bpKrdFQkcM","1778452962496638990",,,,"false","in","UNIQA","https://twitter.com/search?f=&q=UNIQA","false","true","0",,,,,"0","0","false",,"https://twitter.com/PrincessCharima/status/1778452962496638990","true","false","Thu Jan 21 03:32:59 +0000 2010","false","Administrative Officer V, Mother of zack,amjad and Ayeesha Samarah .Proud Sigman❤️",,,,,,,,,,,"0","723","239","471","false","false","false","0","MSU Marawi City","1217","Princess Charima","239","false","https://pbs.twimg.com/profile_banners/106934755/1618073418","https://pbs.twimg.com/profile_images/1603889030244225024/uaguK-1E_normal.jpg","PrincessCharima","6911","none",,"false",,"false","106934755","5"
"0","false","1780838991064899757","Thu Apr 18 06:01:16 +0000 2024",,,,,,,,,,,,,,,,,,,,,,,,,,,,,,,,,,,,,,,,,,,,,,,,,,,,,,,,,,,,,,,,,,,,,,,,,,,,,,,,,,,,,,,,,,,,,,,,,,,,,,,,,,,,,,,,,,,,,,,,,,,,,,,,,,,,,,,,,,,,,,,,,,,,,,,,,,,,,,,,,,,,,,,,,,,,,,,,,,,,,,,,,,,,,,,,,,,,,,,,,,,,,,,,,,,,,,,,,,,,,,,,,,,,,,,,,,,,,,,,,,,,,,,,,,"vecerni-praha.cz/obliba-skutru-…","https://www.vecerni-praha.cz/obliba-skutru-roste-pribyva-i-dopravnich-nehod/","103","126","https://t.co/C3o1z9KgL2",,,,,,,,,,,,,,,,,,,,,,,,,,,,,,,,,,,,,,,,,,,,,,,,,,,,,,,,,,,,,,,,,,,,,,,,,,,,,,,,,,,,,,,,,,,,,,,,,,,,,,,,,,,,,,,,,,,,,,,,,,,,,,,,,,,,,,,,,,,,,,,,,,,,,,,,,,,,,,,,,,,,,,,,,,,,,,,,,,,,,,,,,,,,,,,,,,,,,,,,,,,,,,,,,,,,,,,,,,,,,,,,,,,"0","false","Počty střetů a havárií skútrů narůstají podle údajů pojišťovny UNIQA každoročně o přibližně 10 procent
https://t.co/C3o1z9KgL2","1780838991064899757",,,,"false","cs","UNIQA","https://twitter.com/search?f=&q=UNIQA","false","true","0",,,,,"0","0","false",,"https://twitter.com/nova_praha/status/1780838991064899757","false","false","Sun Feb 10 14:06:44 +0000 2019","false","Noviny pro Prahu a Střední Čechy, denní i večerní zpravodajství",,,,,,"vecerni-praha.cz","https://www.vecerni-praha.cz","0","23","https://t.co/4C0tTrUlmT","0","190","110","271","false","false","false","2","Praha, Česká republika","3929","Nová Večerní Praha","110","false","https://pbs.twimg.com/profile_banners/1094598544374280197/1572363246","https://pbs.twimg.com/profile_images/1094663103806099458/x_b2H90m_normal.jpg","nova_praha","19140","none","https://t.co/4C0tTrUlmT","false",,"false","1094598544374280197","7"
"0","false","1780569346672070786","Wed Apr 17 12:09:48 +0000 2024",,,,,,,,,,,,,,,,,,,,,,,,,,,,,,,,,,,,,,,,,,,,,,,,,,,,,,,,,,,,,,,,,,,,,,,,,,,,,,,,,,,,,,,,,,,,,,,,,,,,,,,,,,,,,,,,,,,,,,,,,,,,,,,,,,,,,,,,,,,,,,,,,,,,,,,,,,,,,,,,,,,,,,,,,,,,,,,,,,,,,,,,,,,,,,,,,,,,,,,,,,,,,,,,,,,,,,,,,,,,,,,,,,,,,,,,,,,,,,,,,,,,,,,,,,"cashless.pl/15250-uniqa-mo…","https://www.cashless.pl/15250-uniqa-mojeID","90","113","https://t.co/Y8IKiHkqWn",,,,,,,,,,,,,,,,,,,,,,,,,,,,,,,,,,,,,,,,,,,,,,,,,,,,,,,,,,,,,,,,,,,,,,,,,,,,,,,,,,,,,,,,,,,,,,,,,,,,,,,,,,,,,,,,,,,,,,,,,,,,,,,,,,,,,,,,,,,,,,,,,,,,,,,,,,,,,,,,,,,,,,,,,,,,,,,,,,,,,,,,,,,,,,,,,,,,,,,,,,,,,,,,,,,,,,,,,,,,,,,,,,,"2","false","Uniqa ułatwi zdalne kupowanie polis. Klienci potwierdzą tożsamość za pomocą usługi mojeID https://t.co/Y8IKiHkqWn","1780569346672070786",,,,"false","pl","UNIQA","https://twitter.com/search?f=&q=UNIQA","false","true","0",,,,,"0","1","false",,"https://twitter.com/Cashlesspl/status/1780569346672070786","false","true","Sat Jan 24 12:59:58 +0000 2015","false","Serwis o nowoczesnych technologiach w finansach.",,,,,,"cashless.pl","https://www.cashless.pl/","0","23","https://t.co/MdXDHa85aA","0","2168","3364","122","true","false","false","41","","187","Cashless.pl","3364","false","https://pbs.twimg.com/profile_banners/2995756833/1504695445","https://pbs.twimg.com/profile_images/1663619446437552129/RZAceHeT_normal.jpg","Cashlesspl","16496","none","https://t.co/MdXDHa85aA","false",,"false","2995756833","209"
"0","false","1780589767773540446","Wed Apr 17 13:30:57 +0000 2024","86","96","PiotrLipa","99","111","UNIQAPolska","180","194","wydarzeniaMIT","195","199","MIT","200","210","MITPolska","211","217","UNIQA","218","223","hejt","224","238","ICANInstitute","239","243","ESG","244","248","CSR","249","270","OdpowiedzialnyBiznes",,,"pic.twitter.com/QRUtCP44tT","https://twitter.com/MitPolska/status/1780589767773540446/photo/1",,"Available","ICAN Institute","ICAN_Institute_","user","245304135","Forum Odpowiedzialnego Biznesu","FOB_Poland","user","74528122","UNIQA Polska","UNIQAPolska","user","1152120831834824704",,,,,,,,,,,,,,,,,,,,,,,,,,,,,,,,,,,,,,,,,,,,,,,,,"1780589467893411840","271","294","3_1780589467893411840","3_1780589467893411840","https://pbs.twimg.com/media/GLXsr-SWsAAjCc9.jpg","628","1121","0","0","628","628","0","0","628","551","0","0","628","314","53","0","628","1200","0","0","628","1200","628","fit","1200","628","fit","1200","356","fit","680","150","crop","150","photo","https://t.co/QRUtCP44tT",,,,,,,,,,,,,,,,,,,,,,,,,,,,,,,,,,,,,,,,,,,,,,,,,,,,,,,,,,,,,,,,,,,,,,,,,,,,,,,,,,,,,,,,,,,,,,,,,,,,,,,,,,,,,"bit.ly/3PTa9hO","https://bit.ly/3PTa9hO","155","178","https://t.co/9SmqSl40YB",,,,,,,,,,,,,"pic.twitter.com/QRUtCP44tT","https://twitter.com/MitPolska/status/1780589767773540446/photo/1",,"Available","ICAN Institute","ICAN_Institute_","user","245304135","Forum Odpowiedzialnego Biznesu","FOB_Poland","user","74528122","UNIQA Polska","UNIQAPolska","user","1152120831834824704",,,,,,,,,,,,,,,,,,,,,,,,,,,,,,,,,,,,,,,,,,,,,,,,,"1780589467893411840","271","294","3_1780589467893411840","3_1780589467893411840","https://pbs.twimg.com/media/GLXsr-SWsAAjCc9.jpg","628","1121","0","0","628","628","0","0","628","551","0","0","628","314","53","0","628","1200","0","0","628","1200","628","fit","1200","628","fit","1200","356","fit","680","150","crop","150","photo","https://t.co/QRUtCP44tT",,,,,,,,,,,,,,,,,,,,,,,,,,,,,,,,,,,,,,,,,,,,,,,,,,,,,,,,,,,,,,,,,,,,,,,,,,,,,,,,,,,,,,,,,,,,,,,,,,,,,,,,,,,,,"1","false","Współodpowiedzialność w walce z hejtem - darmowe wydarzenie 25.04 o 9:00 w Warszawie. #PiotrLipa z #UNIQAPolska podzieli się spostrzeżeniami.

Zapisz się: https://t.co/9SmqSl40YB

#wydarzeniaMIT #MIT #MITPolska #UNIQA #hejt #ICANInstitute #ESG #CSR #OdpowiedzialnyBiznes https://t.co/QRUtCP44tT","1780589767773540446",,,,"false","pl","UNIQA","https://twitter.com/search?f=&q=UNIQA","false","true","0",,,,,"0","0","false",,"https://twitter.com/MitPolska/status/1780589767773540446","false","true","Mon Jun 10 08:46:18 +0000 2019","false","Magazyn biznesowy uczelni nr 1 na świecie",,,,,,"mitsmr.pl","https://mitsmr.pl/","0","23","https://t.co/nD3Jy7mFZ6","0","282","160","9","false","false","false","0","Warsaw, Poland","426","MIT Sloan Management Review Polska","160","false","https://pbs.twimg.com/profile_banners/1138004448096268290/1710229641","https://pbs.twimg.com/profile_images/1138015387486949377/q4n4fT_w_normal.png","MitPolska","962","none","https://t.co/nD3Jy7mFZ6","false",,"false","1138004448096268290","16"
"0","false","1779830650754801724","Mon Apr 15 11:14:29 +0000 2024","21","25","AIT","47","53","UNIQA","93","96","CX",,,,,,,,,,,,,,,,,,,,,,,,,,,"pic.twitter.com/WBveTqNGcB","https://twitter.com/AITtomorrow2day/status/1779830650754801724/photo/1","Speaker at the CX Forum are Georg Regal and Sebastian Wintner","Available",,,,,,,,,,,,,"53","53","426","1031","336","336","648","223","335","335","249","164","53","53","426","1031","336","336","648","223","335","335","249","164","53","53","426","1031","336","336","648","223","335","335","249","164","30","30","241","584","190","190","367","126","189","189","141","92","1779830643574145025","146","169","3_1779830643574145025","3_1779830643574145025","https://pbs.twimg.com/media/GLM6ilaXgAELi_e.jpg","672","1200","0","414","1200","1200","0","0","1200","1053","0","0","1200","600","210","0","1200","1200","0","0","1200","1200","1200","fit","1200","1200","fit","1200","680","fit","680","150","crop","150","photo","https://t.co/WBveTqNGcB",,,,,,,,,,,,,,,,,,,,,,,,,,,,,,,,,,,,,,,,,,,,,,,,,,,,,,,,,,,,,,,,,,,,,,,,,,,,,,,,,,,,,,,,,,,,,,,,,,,,,,,,,,,,,,,,,,,,,,,,,,,,,,"pic.twitter.com/WBveTqNGcB","https://twitter.com/AITtomorrow2day/status/1779830650754801724/photo/1","Speaker at the CX Forum are Georg Regal and Sebastian Wintner","Available",,,,,,,,,,,,,"53","53","426","1031","336","336","648","223","335","335","249","164","53","53","426","1031","336","336","648","223","335","335","249","164","53","53","426","1031","336","336","648","223","335","335","249","164","30","30","241","584","190","190","367","126","189","189","141","92","1779830643574145025","146","169","3_1779830643574145025","3_1779830643574145025","https://pbs.twimg.com/media/GLM6ilaXgAELi_e.jpg","672","1200","0","414","1200","1200","0","0","1200","1053","0","0","1200","600","210","0","1200","1200","0","0","1200","1200","1200","fit","1200","1200","fit","1200","680","fit","680","150","crop","150","photo","https://t.co/WBveTqNGcB",,,,,,,,,,,,,,,,,,,,,,,,,,,,,,,,,,,,,,,,,,,,,,,,,,,,,,,,,,,,,,,,,,,,,,,,,,,,,,,,,,,,,,,,,,,,,,,,,,,,,,,,,,,,,"0","false","No digital barriers! #AIT forces together with #UNIQA the topic digital accessibility at the #CX Forum on 16th and 17th April at Tech Gate Vienna https://t.co/WBveTqNGcB","1779830650754801724",,,,"false","en","UNIQA","https://twitter.com/search?f=&q=UNIQA","false","true","0",,,,,"1","0","false",,"https://twitter.com/AITtomorrow2day/status/1779830650754801724","false","true","Wed Jan 27 15:44:33 +0000 2010","false","Das AIT Austrian Institute of Technology ist Österreichs größte außeruniversitäre Forschungseinrichtung.",,,,,,"ait.ac.at","http://www.ait.ac.at","0","23","https://t.co/QLYMddDHZ6","0","866","4466","345","true","false","false","103","Vienna","1181","AIT","4466","false","https://pbs.twimg.com/profile_banners/108974606/1702564077","https://pbs.twimg.com/profile_images/1735304492403306496/cCXtv1a5_normal.jpg","AITtomorrow2day","2542","none","https://t.co/QLYMddDHZ6","false",,"false","108974606","137"
"0","false","1780914396102811734","Thu Apr 18 11:00:54 +0000 2024",,,,,,,,,,,,,,,,,,,,,,,,,,,,,,,,,,"false",,"pic.twitter.com/H9qDAiX78D","https://twitter.com/LegiaKosz/status/1780914396102811734/video/1",,"Available",,,,,,,,,,,,,,,,,,,,,,,,,,,,,,,,,,,,,,,,,,,,,,,,,,,,,,,,,,,,,"1780914326838169601","275","298","7_1780914326838169601","7_1780914326838169601","https://pbs.twimg.com/ext_tw_video_thumb/1780914326838169601/pu/img/EQGG79oc-fOgdaCj.jpg",,,,,,,,,,,,,,,,,,,,,"1080","1920","1080","fit","1920","675","fit","1200","383","fit","680","150","crop","150","video","https://t.co/H9qDAiX78D","16","9","70366","application/x-mpegURL","https://video.twimg.com/ext_tw_video/1780914326838169601/pu/pl/ZuwKGRFYA1lGiJGw.m3u8?tag=12&container=cmaf","256000","video/mp4","https://video.twimg.com/ext_tw_video/1780914326838169601/pu/vid/avc1/480x270/i4TKpLZO267yHxRD.mp4?tag=12","832000","video/mp4","https://video.twimg.com/ext_tw_video/1780914326838169601/pu/vid/avc1/640x360/xXC2T4BoFRmQS5XU.mp4?tag=12","2176000","video/mp4","https://video.twimg.com/ext_tw_video/1780914326838169601/pu/vid/avc1/1280x720/FELOPWXi3A8hdEWa.mp4?tag=12",,,,,,,,,,,,,,,,,,,,,,,,,,,,,,,,,,,,,,,,,,,,,,,,,,,,,,,,,,,,,,,,,,,,,,,,,,,,,,,,,,,,,,,,,,,,,,,,,,,,"1032182844053962752","139","148","Darek Wyka","Wykson91",,,,,,"false",,"pic.twitter.com/H9qDAiX78D","https://twitter.com/LegiaKosz/status/1780914396102811734/video/1",,"Available",,,,,,,,,,,,,,,,,,,,,,,,,,,,,,,,,,,,,,,,,,,,,,,,,,,,,,,,,,,,,"1780914326838169601","275","298","7_1780914326838169601","7_1780914326838169601","https://pbs.twimg.com/ext_tw_video_thumb/1780914326838169601/pu/img/EQGG79oc-fOgdaCj.jpg",,,,,,,,,,,,,,,,,,,,,"1080","1920","1080","fit","1920","675","fit","1200","383","fit","680","150","crop","150","video","https://t.co/H9qDAiX78D","16","9","70366","application/x-mpegURL","https://video.twimg.com/ext_tw_video/1780914326838169601/pu/pl/ZuwKGRFYA1lGiJGw.m3u8?tag=12&container=cmaf","256000","video/mp4","https://video.twimg.com/ext_tw_video/1780914326838169601/pu/vid/avc1/480x270/i4TKpLZO267yHxRD.mp4?tag=12","832000","video/mp4","https://video.twimg.com/ext_tw_video/1780914326838169601/pu/vid/avc1/640x360/xXC2T4BoFRmQS5XU.mp4?tag=12","2176000","video/mp4","https://video.twimg.com/ext_tw_video/1780914326838169601/pu/vid/avc1/1280x720/FELOPWXi3A8hdEWa.mp4?tag=12",,,,,,,,,,,,,,,,,,,,,,,,,,,,,,,,,,,,,,,,,,,,,,,,,,,,,,,,,,,,,,,,,,,,,,,,,,,,,,,,,,,,,,,,,,,,,,,"4","false","⛹️Sport to pasja i emocje ale i również trudne momenty. O radzeniu sobie z hejtem w sporcie i dbaniu o przygotowanie psychiczne rozmawiali @wykson91 i Magdalena Chorzewska!👩‍🏫 

Spotkanie odbyło się w ramach projektu ""Wrzuć hejt do kosza"" realizowanego przez Fundacja UNIQA! https://t.co/H9qDAiX78D","1780914396102811734",,,,"false","pl","UNIQA","https://twitter.com/search?f=&q=UNIQA","false","true","0",,,,,"1","3","false",,"https://twitter.com/LegiaKosz/status/1780914396102811734","false","true","Mon Jul 07 11:55:41 +0000 2014","false","7x Mistrz Polski
2x Puchar Polski
4x Ćwierćfinalista Pucharu Europy 
Cała Warszawa Kibicuje Swoim! 🏀",,,,,,"legiakosz.com","http://legiakosz.com","0","23","https://t.co/cWoj0FV6lY","0","14384","8261","53","true","false","false","40","Warszawa, Polska","9761","Legia Kosz","8261","false","https://pbs.twimg.com/profile_banners/2609507425/1712304390","https://pbs.twimg.com/profile_images/1610567559937511424/1pwrue7B_normal.jpg","LegiaKosz","21432","none","https://t.co/cWoj0FV6lY","false",,"false","2609507425","1017"
"0","false","1778724347118514255","Fri Apr 12 09:58:34 +0000 2024","117","123","sigal","124","130","uniqa","131","142","sigaluniqa","143","165","jetojmëmëmirësëbashku","166","185","25ViteMeSIGALUNIQA",,,,,,,,,,,,,,,,,,,,,,,,,,,,,,,,,,,,,,,,,,,,,,,,,,,,,,,,,,,,,,,,,,,,,,,,,,,,,,,,,,,,,,,,,,,,,,,,,,,,,,,,,,,,,,,,,,,,,,,,,,,,,,,,,,,,,,,,,,,,,,,,,,,,,,,,,,,,,,,,,,,,,,,,,,,,,,,,,,,,,,,,,,,,,,,,,,,,,,,,,,,,,,,,,,,,,,,,,,,,,,,,,,,,,,,,,,,,,,,,,,,,,,,,,,,,,,,,,,,,,,,,,,,,,,,,,,,,,,,,,,,,,,,,,,,,,,,,,,,,,,,,,,,,,,,,,,,,,,,,,,,,,,,,,,,,,,,,,,,,,,,,,,,,,,,,,,,,,,,,,,,,,,,,,,,,,,,,,,,,,,,,,,,,,,,,,,,,,,,,,,,,,,,,,,,,,,,,,,,,,,,,,,,,,,,,,,,,,,,,,,,,,,,,,,,,,,,,,,,,,,,,,,"0","false","Ose merr më shumë ℹ️: 

📲+355 68 606 2829
📩 info@uniqa.al

Me SIGAL UNIQA Group Austria, jetojmë më mirë së bashku!

#sigal #uniqa #sigaluniqa #jetojmëmëmirësëbashku #25ViteMeSIGALUNIQA","1778724381860008271","SIGALUNIQAGROUP","1778724347118514255","288663873","false","et","UNIQA","https://twitter.com/search?f=&q=UNIQA",,,"0",,,,,"0","0","false",,"https://twitter.com/SIGALUNIQAGROUP/status/1778724381860008271","false","true","Wed Apr 27 07:43:38 +0000 2011","false","Prej 24 vitesh udhëheqim tregun dhe jemi kompania më e madhe dhe më e besuar e sigurimeve. WhatsApp📲+355686062829 #sigaluniqa #insurance",,,,,,"sigal.com.al","http://www.sigal.com.al","0","23","https://t.co/0FRBNLptVt","0","56","84","92","false","false","false","0","Tirana, Albania","2361","SIGAL Uniqa Group AUSTRIA","84","false","https://pbs.twimg.com/profile_banners/288663873/1692103834","https://pbs.twimg.com/profile_images/1654118839989272576/0_SGFv-w_normal.jpg","SIGALUNIQAGROUP","3567","none","https://t.co/0FRBNLptVt","false",,"false","288663873","7"
"0","false","1780891336960352296","Thu Apr 18 09:29:16 +0000 2024",,,,,,,,,,,,,,,,,,,,,,,,,,,,,,,,,,"false",,"pic.twitter.com/xNxhSp4s2k","https://twitter.com/SIGALUNIQAGROUP/status/1780891336960352296/video/1",,"Available",,,,,,,,,,,,,,,,,,,,,,,,,,,,,,,,,,,,,,,,,,,,,,,,,,,,,,,,,,,,,"1780890442902482944","236","259","7_1780890442902482944","7_1780890442902482944","https://pbs.twimg.com/ext_tw_video_thumb/1780890442902482944/pu/img/sCVvKorQBWUYnutd.jpg",,,,,,,,,,,,,,,,,,,,,"1080","1920","1080","fit","1920","675","fit","1200","383","fit","680","150","crop","150","video","https://t.co/xNxhSp4s2k","16","9","79400","application/x-mpegURL","https://video.twimg.com/ext_tw_video/1780890442902482944/pu/pl/W_s0Kys4E_K-rlH9.m3u8?tag=12&container=cmaf","256000","video/mp4","https://video.twimg.com/ext_tw_video/1780890442902482944/pu/vid/avc1/480x270/IXDmc85njiSJs374.mp4?tag=12","832000","video/mp4","https://video.twimg.com/ext_tw_video/1780890442902482944/pu/vid/avc1/640x360/piEqmWuKnhQJT8Oq.mp4?tag=12","2176000","video/mp4","https://video.twimg.com/ext_tw_video/1780890442902482944/pu/vid/avc1/1280x720/tvWKxh7AQRQbw7xo.mp4?tag=12",,,,,,,,,,,,,,,,,,,,,,,,,,,,,,,,,,,,,,,,,,,,,,,,,,,,,,,,,,,,,,,,,,,,,,,,,,,,,,,,,,,,,,,,,,,,,,,,,,,,,,,,,,,,,,"false",,"pic.twitter.com/xNxhSp4s2k","https://twitter.com/SIGALUNIQAGROUP/status/1780891336960352296/video/1",,"Available",,,,,,,,,,,,,,,,,,,,,,,,,,,,,,,,,,,,,,,,,,,,,,,,,,,,,,,,,,,,,"1780890442902482944","236","259","7_1780890442902482944","7_1780890442902482944","https://pbs.twimg.com/ext_tw_video_thumb/1780890442902482944/pu/img/sCVvKorQBWUYnutd.jpg",,,,,,,,,,,,,,,,,,,,,"1080","1920","1080","fit","1920","675","fit","1200","383","fit","680","150","crop","150","video","https://t.co/xNxhSp4s2k","16","9","79400","application/x-mpegURL","https://video.twimg.com/ext_tw_video/1780890442902482944/pu/pl/W_s0Kys4E_K-rlH9.m3u8?tag=12&container=cmaf","256000","video/mp4","https://video.twimg.com/ext_tw_video/1780890442902482944/pu/vid/avc1/480x270/IXDmc85njiSJs374.mp4?tag=12","832000","video/mp4","https://video.twimg.com/ext_tw_video/1780890442902482944/pu/vid/avc1/640x360/piEqmWuKnhQJT8Oq.mp4?tag=12","2176000","video/mp4","https://video.twimg.com/ext_tw_video/1780890442902482944/pu/vid/avc1/1280x720/tvWKxh7AQRQbw7xo.mp4?tag=12",,,,,,,,,,,,,,,,,,,,,,,,,,,,,,,,,,,,,,,,,,,,,,,,,,,,,,,,,,,,,,,,,,,,,,,,,,,,,,,,,,,,,,,,,,,,,,,"0","false","Lufta kundër tumoreve është një prej sfidave më të mëdha që kërkon jo vetëm spitale dhe mjekë shumë të mirë, por edhe kosto të mëdha financiare 💰

Sigurimi Anti-Tumor nga SIGAL UNIQA, është miku juaj 👥 më i mirë në ditët më të vështira https://t.co/xNxhSp4s2k","1780891336960352296",,,,"false","et","UNIQA","https://twitter.com/search?f=&q=UNIQA","false","true","0",,,,,"1","0","false",,"https://twitter.com/SIGALUNIQAGROUP/status/1780891336960352296","false","true","Wed Apr 27 07:43:38 +0000 2011","false","Prej 24 vitesh udhëheqim tregun dhe jemi kompania më e madhe dhe më e besuar e sigurimeve. WhatsApp📲+355686062829 #sigaluniqa #insurance",,,,,,"sigal.com.al","http://www.sigal.com.al","0","23","https://t.co/0FRBNLptVt","0","56","84","92","false","false","false","0","Tirana, Albania","2361","SIGAL Uniqa Group AUSTRIA","84","false","https://pbs.twimg.com/profile_banners/288663873/1692103834","https://pbs.twimg.com/profile_images/1654118839989272576/0_SGFv-w_normal.jpg","SIGALUNIQAGROUP","3567","none","https://t.co/0FRBNLptVt","false",,"false","288663873","6"
"0","false","1778714084843638814","Fri Apr 12 09:17:39 +0000 2024",,,,,,,,,,,,,,,,,,,,,,,,,,,,,,,,,,,"true","pic.twitter.com/0sBpwfW7Ht","https://twitter.com/PiotrSobolewski/status/1778714084843638814/photo/1",,"Available","UNIQA Polska","UNIQAPolska","user","1152120831834824704","Maciej Krzysztoszek","maciej_krzy","user","1205912478",,,,,,,,,,,,,,,,,,,,,,,,,,,,,,,,,,,,,,,,,,,,,,,,,,,,,"1778713925606834176","274","297","3_1778713925606834176","3_1778713925606834176","https://pbs.twimg.com/media/GK9C5CzWAAAmaHk.png","377","673","0","135","673","673","0","0","682","598","0","0","682","341","0","0","682","673","0","0","682","673","682","fit","673","682","fit","673","680","fit","671","150","crop","150","photo","https://t.co/0sBpwfW7Ht",,,,,,,,,,,,,,,,,,,,,,,,,,,,,,,,,,,,,,,,,,,,,,,,,,,,,,,,,,,,,,,,,,,,,,,,,,,,,,,,,,,,,,,,,,,,,,,,,,,,,,,,,,,,,,,,,,,,,,,,,,,,,"true","pic.twitter.com/0sBpwfW7Ht","https://twitter.com/PiotrSobolewski/status/1778714084843638814/photo/1",,"Available","UNIQA Polska","UNIQAPolska","user","1152120831834824704","Maciej Krzysztoszek","maciej_krzy","user","1205912478",,,,,,,,,,,,,,,,,,,,,,,,,,,,,,,,,,,,,,,,,,,,,,,,,,,,,"1778713925606834176","274","297","3_1778713925606834176","3_1778713925606834176","https://pbs.twimg.com/media/GK9C5CzWAAAmaHk.png","377","673","0","135","673","673","0","0","682","598","0","0","682","341","0","0","682","673","0","0","682","673","682","fit","673","682","fit","673","680","fit","671","150","crop","150","photo","https://t.co/0sBpwfW7Ht",,,,,,,,,,,,,,,,,,,,,,,,,,,,,,,,,,,,,,,,,,,,,,,,,,,,,,,,,,,,,,,,,,,,,,,,,,,,,,,,,,,,,,,,,,,,,,,,,,,,,,,,,,,,,"2","false","Uniqa ma ambitne plany rozwoju na polskim rynku. Ubezpieczyciel chce sprzedawać więcej polis w salonach samochodowych i rozszerzyć grono sprzedawców. Będzie lepiej promować ofertę i uzupełni ją o pakiety zdrowotne. Więcej na ten temat w PI Finance, fragment tekstu poniżej. https://t.co/0sBpwfW7Ht","1778714084843638814",,,,"false","pl","UNIQA","https://twitter.com/search?f=&q=UNIQA","false","true","0",,,,,"0","0","false",,"https://twitter.com/PiotrSobolewski/status/1778714084843638814","false","false","Thu Aug 27 09:38:54 +0000 2009","false","Starszy analityk ds. sektora finansowego Polityki INSIGHT. Ex-dziennikarz Parkietu i Rzepy. Absolwent finansów na UW i Zarządzania Ryzykiem w Inst. Fin. na SGH",,,,,,"politykainsight.pl/pi-finance","http://politykainsight.pl/pi-finance","0","23","https://t.co/lLgksR4BlY","0","5038","3073","874","true","false","false","51","Warszawa","284","Piotr Sobolewski","3073","false",,"https://pbs.twimg.com/profile_images/651468520572755970/Z_NjD4sd_normal.jpg","PiotrSobolewski","1167","none","https://t.co/lLgksR4BlY","false",,"false","69249239","386"
"0","false","1780146636875776382","Tue Apr 16 08:10:06 +0000 2024","238","244","UNIQA",,,,,,,,,,,,,,,,,,,,,,,,,,,,,,,,,,,,,,,,,,,,,,,,,,,,,,,,,,,,,,,,,,,,,,,,,,,,,,,,,,,,,,,,,,,,,,,,,,,,,,,,,,,,,,,,,,,,,,,,,,,,,,,,,,,,,,,,,,,,,,,,,,,,,,,,,,,,,,,,,,,,,,,,,,,,,,,,,,,,,,,,,,,,,,,,,,,,,,,,,,,,,,,,,,,,,,,,,,,,,,,,,,,,,,,,,,,,,,,,,,,,,,,"uniqa.cz/pro-media/aktu…","https://www.uniqa.cz/pro-media/aktuality/himalaje-lakaji-stale-vice-lidi-pribyva-vsak-nakladnych-skod-z-cestovniho-pojisteni/?utm_source=twitter&utm_medium=organic&utm_campaign=tiskove-zpravy","257","280","https://t.co/fnKOVVqP9Y",,,,,,,,,,,,,,,,,,,,,,,,,,,,,,,,,,,,,,,,,,,,,,,,,,,,,,,,,,,,,,,,,,,,,,,,,,,,,,,,,,,,,,,,,,,,,,,,,,,,,,,,,,,,,,,,,,,,,,,,,,,,,,,,,,,,,,,,,,,,,,,,,,,,,,,,,,,,,,,,,,,,,,,,,,,,,,,,,,,,,,,,,,,,,,,,,,,,,,,,,,,,,,,,,,,,,,,,,,,,,,,,,,,"0","false","Věděli jste, že k nejnákladnějším pojistným událostem z cestovního pojištění patří potíže v Himalájích? ✈️ S ohledem na nadmořskou výšku a vzdálenost od ČR jde vždy o vyšší statisíce či miliony korun. ⛰️ Přečtěte si, co všechno pojištění #UNIQA kryje. ⤵️ 
 https://t.co/fnKOVVqP9Y","1780146636875776382",,,,"false","cs","UNIQA","https://twitter.com/search?f=&q=UNIQA","false","true","0",,,,,"0","0","false",,"https://twitter.com/uniqa_cz_sk/status/1780146636875776382","true","true","Tue Jul 24 11:53:46 +0000 2018","false","Novinky ze skupiny UNIQA Česko a Slovensko, světa pojišťovnictví, financí, penzí, investic, inovací a prevence servírujeme do 280 znaků.",,,,,,"uniqa.cz","http://www.uniqa.cz/","0","23","https://t.co/aJZGDr6KGe","0","116","372","151","false","false","false","0","","246","UNIQA CZ & SK","372","false","https://pbs.twimg.com/profile_banners/1021725122712031232/1712161445","https://pbs.twimg.com/profile_images/1346421063480172544/2sHBuf1c_normal.jpg","uniqa_cz_sk","871","none","https://t.co/aJZGDr6KGe","false","Business","false","1021725122712031232","26"
"0","false","1780276382611747136","Tue Apr 16 20:13:35 +0000 2024",,,,,,,,,,,,,,,,,,,,,,,,,,,,,,,,,,,,,,,,,,,,,,,,,,,,,,,,,,,,,,,,,,,,,,,,,,,,,,,,,,,,,,,,,,,,,,,,,,,,,,,,,,,,,,,,,,,,,,,,,,,,,,,,,,,,,,,,,,,,,,,,,,,,,,,,,,,,,,,,,,,,,,,,,,,,,,,,,,,,,,,,,,,,,,,,,,,,,,,,,,,,,,,,,,,,,,,,,,,,,,,,,,,,,,,,,,,,,,,,,,,,,,,,,,,,,,,"1727325206375510016","0","12","M. Peanut","qmerty94729","318398595","13","26","Łukasz Gibała","LukaszGibala",,,,,,,,,,,,,,,,,,,,,,,,,,,,,,,,,,,,,,,,,,,,,,,,,,,,,,,,,,,,,,,,,,,,,,,,,,,,,,,,,,,,,,,,,,,,,,,,,,,,,,,,,,,,,,,,,,,,,,,,,,,,,,,,,,,,,,,,,,,,,,,,,,,,,,,,,,,,,,,,,,,,,,,,,,,,,,,,,,,,,,,,,,,,,,,,,,,,,,,,,,,,,,,,,,,,,,,,,"0","false","@qmerty94729 @LukaszGibala No i? Strabag jest firma austriacką w której udziały też posiada Uniqa Raiffeisen (bank).","1780328706180804968","qmerty94729","1780325960107151832","1727325206375510016","false","pl","UNIQA","https://twitter.com/search?f=&q=UNIQA",,,"0",,,,,"1","0","false",,"https://twitter.com/NUNBOC/status/1780328706180804968","false","true","Sat Sep 30 11:01:50 +0000 2023","false","OFICJALNY PROFIL NU®️ News, Blog, Opinion, Commentary.  Lewica ❤️",,,,,,"nunboc.com","https://www.nunboc.com/","0","23","https://t.co/xcM2HEcgnX","0","30332","1900","2003","false","false","false","2","Kraków, Polska","1038","NU®️","1900","false","https://pbs.twimg.com/profile_banners/1708074630110437376/1704294139","https://pbs.twimg.com/profile_images/1748637509842616321/a75gNuHJ_normal.jpg","NUNBOC","10603","none","https://t.co/xcM2HEcgnX","false",,"false","1708074630110437376","26"
"0","false","1777992571978981555","Wed Apr 10 09:30:37 +0000 2024",,,,,,,,,,,,,,,,,,,,,,,,,,,,,,,,,,,,"pic.twitter.com/lzAhRhPVj2","https://twitter.com/connectregion/status/1777992571978981555/photo/1",,"Available",,,,,,,,,,,,,,,,,,,,,,,,,,,,,,,,,,,,,,,,,,,,,,,,,,,,,,,,,,,,,"1777992424964403201","272","295","3_1777992424964403201","3_1777992424964403201","https://pbs.twimg.com/media/GKyysLdWsAES-n-.jpg","598","1068","0","0","712","712","0","0","712","625","0","0","712","356","8","0","712","1068","0","0","712","1068","712","fit","1068","712","fit","1068","453","fit","680","150","crop","150","photo","https://t.co/lzAhRhPVj2",,,,,,,,,,,,,,,,,,,,,,,,,,,,,,,,,,,,,,,,,,,,,,,,,,,,,,,,,,,,,,,,,,,,,,,,,,,,,,,,,,,,,,,,,,,,,,,,,,,,,,,,,,,,,"tinyurl.com/5b34fvr7","https://tinyurl.com/5b34fvr7","248","271","https://t.co/xXR9KayLIb",,,,,,,,,,,,,"pic.twitter.com/lzAhRhPVj2","https://twitter.com/connectregion/status/1777992571978981555/photo/1",,"Available",,,,,,,,,,,,,,,,,,,,,,,,,,,,,,,,,,,,,,,,,,,,,,,,,,,,,,,,,,,,,"1777992424964403201","272","295","3_1777992424964403201","3_1777992424964403201","https://pbs.twimg.com/media/GKyysLdWsAES-n-.jpg","598","1068","0","0","712","712","0","0","712","625","0","0","712","356","8","0","712","1068","0","0","712","1068","712","fit","1068","712","fit","1068","453","fit","680","150","crop","150","photo","https://t.co/lzAhRhPVj2",,,,,,,,,,,,,,,,,,,,,,,,,,,,,,,,,,,,,,,,,,,,,,,,,,,,,,,,,,,,,,,,,,,,,,,,,,,,,,,,,,,,,,,,,,,,,,,,,,,,,,,,,,,,,"0","false",": A responsible partner and employer on 18 European markets, Austria’s UNIQA Insurance Group has a tradition dating back more than two centuries and today represents a community for a better living comprising over 16 million clients. 

Read more - https://t.co/xXR9KayLIb https://t.co/lzAhRhPVj2","1777992571978981555",,,,"false","en","UNIQA","https://twitter.com/search?f=&q=UNIQA","false","true","0",,,,,"0","0","false",,"https://twitter.com/connectregion/status/1777992571978981555","false","true","Tue Oct 03 21:49:27 +0000 2023","false","Bridging the best of business, diplomacy, and leadership to redefine regional collaboration. Future-focused and forward-thinking #connectregion",,,,,,"connectingregion.com","https://connectingregion.com/","0","23","https://t.co/5CXqJYXaI5","0","1","600","50","false","false","false","0","","96","The Region","600","false","https://pbs.twimg.com/profile_banners/1709324554869280768/1711532820","https://pbs.twimg.com/profile_images/1772923110414483456/_SoYGAAg_normal.jpg","connectregion","288","none","https://t.co/5CXqJYXaI5","false",,"false","1709324554869280768","10"
"0","false","1780174293466251354","Tue Apr 16 10:00:00 +0000 2024",,,,,,,,,,,,,,,,,,,,,,,,,,,,,,,,,,,,,,,,,,,,,,,,,,,,,,,,,,,,,,,,,,,,,,,,,,,,,,,,,,,,,,,,,,,,,,,,,,,,,,,,,,,,,,,,,,,,,,,,,,,,,,,,,,,,,,,,,,,,,,,,,,,,,,,,,,,,,,,,,,,,,,,,,,,,,,,,,,,,,,,,,,,,,,,,,,,,,,,,,,,,,,,,,,,,,,,,,,,,,,,,,,,,,,,,,,,,,,,,,,,,,,,,,,"ba.bloombergadria.com/biznis/finansi…","https://ba.bloombergadria.com/biznis/finansije/55718/dudo-bih-je-kompleksno-trziste-biljezimo-rast-neobaveznih-osiguranja/news/","129","152","https://t.co/9pfoyUnDfz",,,,,,,,,,,,,,,,,,,,,,,,,,,,,,,,,,,,,,,,,,,,,,,,,,,,,,,,,,,,,,,,,,,,,,,,,,,,,,,,,,,,,,,,,,,,,,,,,,,,,,,,,,,,,,,,,,,,,,,,,,,,,,,,,,,,,,,,,,,,,,,,,,,,,,,,,,,,,,,,,,,,,,,,,,,,,,,,,,,,,,,,,,,,,,,,,,,,,,,,,,,,,,,,,,,,,,,,,,,,,,,,,,,"1","false","Još uvijek se borimo s predrasudama da je osiguranje nepotrebno i skupo, kazao je Eldar Dudo, direktor UNIQA osiguranje u BiH 👇

https://t.co/9pfoyUnDfz","1780174293466251354",,,,"false","und","UNIQA","https://twitter.com/search?f=&q=UNIQA","false","true","0",,,,,"0","0","false",,"https://twitter.com/BloombergAdrBiH/status/1780174293466251354","false","true","Thu May 05 09:03:52 +0000 2022","false","Bloomberg Adria je prva multiplatformska mreža za poslovne vijesti u jugoistočnoj Evropi koja posluje po licenci prestižnog brenda Bloomberg.",,,,,,"ba.bloombergadria.com","https://ba.bloombergadria.com/","0","23","https://t.co/UKBdq9ow9T","0","41","882","721","false","false","false","1","Bosnia and Herzegovina","886","Bloomberg Adria BiH","882","false","https://pbs.twimg.com/profile_banners/1522139965416931329/1693997893","https://pbs.twimg.com/profile_images/1542192131523182594/wpmsXJZc_normal.jpg","BloombergAdrBiH","5147","none","https://t.co/UKBdq9ow9T","false",,"false","1522139965416931329","60"
"0","false","1780846812766535972","Thu Apr 18 06:32:21 +0000 2024",,,,,,,,,,,,,,,,,,,,,,,,,,,,,,,,,,,,,,,,,,,,,,,,,,,,,,,,,,,,,,,,,,,,,,,,,,,,,,,,,,,,,,,,,,,,,,,,,,,,,,,,,,,,,,,,,,,,,,,,,,,,,,,,,,,,,,,,,,,,,,,,,,,,,,,,,,,,,,,,,,,,,,,,,,,,,,,,,,,,,,,,,,,,,,,,,,,,,,,,,,,,,,,,,,,,,,,,,,,,,,,,,,,,,,,,,,,,,,,,,,,,,,,,,,"gu.com.pl/uniqa-rusza-z-…","https://gu.com.pl/uniqa-rusza-z-akceleratorem-wiedzy-agenta/","205","228","https://t.co/rO7GhuIJ0G","1152120831834824704","64","76","UNIQA Polska","UNIQAPolska",,,,,,,,,,,,,,,,,,,,,,,,,,,,,,,,,,,,,,,,,,,,,,,,,,,,,,,,,,,,,,,,,,,,,,,,,,,,,,,,,,,,,,,,,,,,,,,,,,,,,,,,,,,,,,,,,,,,,,,,,,,,,,,,,,,,,,,,,,,,,,,,,,,,,,,,,,,,,,,,,,,,,,,,,,,,,,,,,,,,,,,,,,,,,,,,,,,,,,,,,,,,,,,,,,,,,,,,,,,,,,"0","false","Pozytywne doświadczenia z Akceleratorem Wiedzy Brokera skłoniły @UNIQAPolska do stworzenia analogicznego programu dla agentów  - Akceleratora Wiedzy Agenta. Start przedsięwzięcia już w przyszłym tygodniu: https://t.co/rO7GhuIJ0G","1780846812766535972",,,,"false","pl","UNIQA","https://twitter.com/search?f=&q=UNIQA","false","true","0",,,,,"0","1","false",,"https://twitter.com/ubezpieczeniowa/status/1780846812766535972","false","true","Fri Nov 03 10:06:27 +0000 2017","false","Tygodnik pasjonatów ubezpieczeń",,,,,,"gu.com.pl","http://www.gu.com.pl","0","23","https://t.co/nfuO2OGnXk","0","182","859","133","true","false","false","5","Warsaw, Poland","268","Ga. Ubezpieczeniowa","859","false","https://pbs.twimg.com/profile_banners/926390105895587840/1512122807","https://pbs.twimg.com/profile_images/926392198320525312/FvTOIYbT_normal.jpg","ubezpieczeniowa","4522","none","https://t.co/nfuO2OGnXk","false",,"false","926390105895587840","33"
"0","false","1778117516667019295","Wed Apr 10 17:47:06 +0000 2024","110","115","oevp",,,,,,,,,,,,,,,,,,,,,,,,,,,,,,,,,,,,,,,,,,,,,,,,,,,,,,,,,,,,,,,,,,,,,,,,,,,,,,,,,,,,,,,,,,,,,,,,,,,,,,,,,,,,,,,,,,,,,,,,,,,,,,,,,,,,,,,,,,,,,,,,,,,,,,,,,,,,,,,,,,,,,,,,,,,,,,,,,,,,,,,,,,,,,,,,,,,,,,,,,,,,,,,,,,,,,,,,,,,,,,,,,,,,,,,,,,,,,,,,,,,,,,,,,,,,,,,,,,,,,,,,,,,,,,,,,,,,,,,,,,,,,,,,,,,,,,,,,,,,,,,,,,,,,,,,,,,,,,,,,,,,,,,,,,,,,,,,,,,,,,,,,,,,,,,,,,,,,,,,,,,,,,,,,,,,,,,,,,,,,,,,,,,,,,,,,,,,,,,,,,,,,,,,,,,,,,,,,,,,,,,,,,,,,,,,,,,,,,,,,,,,,,,,,,,,,,,,,,,,,,,,,,,,,,,,,,,,,,"0","false","Man kann festhalten: seit dem Maturanten Kanzler mit uniqa Praktikum hat sich das intellektuelle Vermögen der #oevp Politiker nicht mehr gesteigert. Ohne Parteiapparat und Anwälte wären die alle nichts.","1778117516667019295",,,,"true","de","UNIQA","https://twitter.com/search?f=&q=UNIQA",,,"0","1777982123984482307","x.com/Anpatzer/statu…","https://twitter.com/Anpatzer/status/1777982123984482307","https://t.co/HtOqyW4sK7","0","0","false",,"https://twitter.com/Trans_Formatio/status/1778117516667019295","true","false","Wed Jan 28 11:30:31 +0000 2015","false","Feministin - Atheistin - Antifaschistin 
und radikalisiert durch den Alltag
https://t.co/d529oThkDK","bsky.app/profile/transf…","https://bsky.app/profile/transformatio.bsky.social","76","99","https://t.co/d529oThkDK",,,,,,"0","88505","571","1027","true","false","false","4","Vienna","168","Eat the Rich and Covidioten","571","false","https://pbs.twimg.com/profile_banners/3003015671/1594501926","https://pbs.twimg.com/profile_images/1131096648787087360/ujwEsnNO_normal.png","Trans_Formatio","16642","none",,"false",,"false","3003015671","52"
"0","false","1778482764989227277","Thu Apr 11 17:58:28 +0000 2024",,,,,,,,,,,,,,,,,,,,,,,,,,,,,,,,,,,,,,,,,,,,,,,,,,,,,,,,,,,,,,,,,,,,,,,,,,,,,,,,,,,,,,,,,,,,,,,,,,,,,,,,,,,,,,,,,,,,,,,,,,,,,,,,,,,,,,,,,,,,,,,,,,,,,,,,,,,,,,,,,,,,,,,,,,,,,,,,,,,,,,,,,,,,,,,,,,,,,,,,,,,,,,,,,,,,,,,,,,,,,,,,,,,,,,,,,,,,,,,,,,,,,,,,,,,,,,,,,,,,,,,,,,,,,,,,,,,,,,,,,,,,,,,,,,,,,,,,,,,,,,,,,,,,,,,,,,,,,,,,,,,,,,,,,,,,,,,,,,,,,,,,,,,,,,,,,,,,,,,,,,,,,,,,,,,,,,,,,,,,,,,,,,,,,,,,,,,,,,,,,,,,,,,,,,,,,,,,,,,,,,,,,,,,,,,,,,,,,,,,,,,,,,,,,,,,,,,,,,,,,,,,,,,,,,,,,,,,,,,,,"0","false","Que Nadie Te Apague ... Vs Brilla Xq Brillando SOS Uniqa 💆‍♂️😁","1778482764989227277",,,,"false","es","UNIQA","https://twitter.com/search?f=&q=UNIQA",,,"0",,,,,"0","0","false",,"https://twitter.com/QaahGarcia/status/1778482764989227277","false","true","Sun Feb 05 21:20:46 +0000 2023","false","TenGo La Novia Más Linda ❤️‍🩹",,,,,,,,,,,"0","46","10","15","false","false","false","0","De Mi Amorcito ","5","Qaah Garcia","10","false",,"https://pbs.twimg.com/profile_images/1780008510656319488/PSLUsKPb_normal.jpg","QaahGarcia","1081","none",,"false",,"false","1622344272837070852","61"
"0","false","1780122605556568124","Tue Apr 16 06:34:36 +0000 2024",,,,,,,,,,,,,,,,,,,,,,,,,,,,,,,,,,,,,,,,,,,,,,,,,,,,,,,,,,,,,,,,,,,,,,,,,,,,,,,,,,,,,,,,,,,,,,,,,,,,,,,,,,,,,,,,,,,,,,,,,,,,,,,,,,,,,,,,,,,,,,,,,,,,,,,,,,,,,,,,,,,,,,,,,,,,,,,,,,,,,,,,,,,,,,,,,,,,,,,,,,,,,,,,,,,,,,,,,,,,,,,,,,,,,,,,,,,,,,,,,,,,,,,,,,"gu.com.pl/program-uniqa-…","https://gu.com.pl/program-uniqa-blizej-agentow-obejmie-2000-agentow/","96","119","https://t.co/lT0sTRt8kj","1152120831834824704","35","47","UNIQA Polska","UNIQAPolska",,,,,,,,,,,,,,,,,,,,,,,,,,,,,,,,,,,,,,,,,,,,,,,,,,,,,,,,,,,,,,,,,,,,,,,,,,,,,,,,,,,,,,,,,,,,,,,,,,,,,,,,,,,,,,,,,,,,,,,,,,,,,,,,,,,,,,,,,,,,,,,,,,,,,,,,,,,,,,,,,,,,,,,,,,,,,,,,,,,,,,,,,,,,,,,,,,,,,,,,,,,,,,,,,,,,,,,,,,,,,,"0","false","Bartłomiej Biały i Anna Szewczyk z @UNIQAPolska o strategii ubezpieczyciela dotyczącej agentów: https://t.co/lT0sTRt8kj","1780122605556568124",,,,"false","pl","UNIQA","https://twitter.com/search?f=&q=UNIQA","false","true","0",,,,,"0","1","false",,"https://twitter.com/ubezpieczeniowa/status/1780122605556568124","false","true","Fri Nov 03 10:06:27 +0000 2017","false","Tygodnik pasjonatów ubezpieczeń",,,,,,"gu.com.pl","http://www.gu.com.pl","0","23","https://t.co/nfuO2OGnXk","0","182","859","133","true","false","false","5","Warsaw, Poland","268","Ga. Ubezpieczeniowa","859","false","https://pbs.twimg.com/profile_banners/926390105895587840/1512122807","https://pbs.twimg.com/profile_images/926392198320525312/FvTOIYbT_normal.jpg","ubezpieczeniowa","4522","none","https://t.co/nfuO2OGnXk","false",,"false","926390105895587840","51"
"0","false","1780891336960352296","Thu Apr 18 09:29:43 +0000 2024","104","110","sigal","111","117","uniqa","118","129","sigaluniqa","130","148","SigurimiAntiTumor",,,,,,,,,,,,,,,,,,,,,,,,,,,,,,,,,,,,,,,,,,,,,,,,,,,,,,,,,,,,,,,,,,,,,,,,,,,,,,,,,,,,,,,,,,,,,,,,,,,,,,,,,,,,,,,,,,,,,,,,,,,,,,,,,,,,,,,,,,,,,,,,,,,,,,,,,,,,,,,,,,,,,,,,,,,,,,,,,,,,,,,,,,,,,,,,,,,,,,,,,,,,,,,,,,,,,,,,,,,,,,,,,,,,,,,,,,,,,,"sigal.com.al/sigurimi-anti-…","https://sigal.com.al/sigurimi-anti-tumor/","21","44","https://t.co/TeR97Hy9dh",,,,,,,,,,,,,,,,,,,,,,,,,,,,,,,,,,,,,,,,,,,,,,,,,,,,,,,,,,,,,,,,,,,,,,,,,,,,,,,,,,,,,,,,,,,,,,,,,,,,,,,,,,,,,,,,,,,,,,,,,,,,,,,,,,,,,,,,,,,,,,,,,,,,,,,,,,,,,,,,,,,,,,,,,,,,,,,,,,,,,,,,,,,,,,,,,,,,,,,,,,,,,,,,,,,,,,,,,,,,,,,,,,,"0","false","Merr më shumë ℹ️ në: https://t.co/TeR97Hy9dh

Me SIGAL UNIQA Group Austria, jetojmë më mirë së bashku!

#sigal #uniqa #sigaluniqa #SigurimiAntiTumor","1780891448159744148","SIGALUNIQAGROUP","1780891406803828767","288663873","false","et","UNIQA","https://twitter.com/search?f=&q=UNIQA","false","true","0",,,,,"0","0","false",,"https://twitter.com/SIGALUNIQAGROUP/status/1780891448159744148","false","true","Wed Apr 27 07:43:38 +0000 2011","false","Prej 24 vitesh udhëheqim tregun dhe jemi kompania më e madhe dhe më e besuar e sigurimeve. WhatsApp📲+355686062829 #sigaluniqa #insurance",,,,,,"sigal.com.al","http://www.sigal.com.al","0","23","https://t.co/0FRBNLptVt","0","56","84","92","false","false","false","0","Tirana, Albania","2361","SIGAL Uniqa Group AUSTRIA","84","false","https://pbs.twimg.com/profile_banners/288663873/1692103834","https://pbs.twimg.com/profile_images/1654118839989272576/0_SGFv-w_normal.jpg","SIGALUNIQAGROUP","3567","none","https://t.co/0FRBNLptVt","false",,"false","288663873","5"
"0","false","1779914545118535939","Mon Apr 15 16:47:51 +0000 2024",,,,,,,,,,,,,,,,,,,,,,,,,,,,,,,,,,,,,,,,,,,,,,,,,,,,,,,,,,,,,,,,,,,,,,,,,,,,,,,,,,,,,,,,,,,,,,,,,,,,,,,,,,,,,,,,,,,,,,,,,,,,,,,,,,,,,,,,,,,,,,,,,,,,,,,,,,,,,,,,,,,,,,,,,,,,,,,,,,,,,,,,,,,,,,,,,,,,,,,,,,,,,,,,,,,,,,,,,,,,,,,,,,,,,,,,,,,,,,,,,,,,,,,,,,,,,,,,,,,,,,,,,,,,,,,,,,,,,,,,,,,,,,,,,,,,,,,,,,,,,,,,,,,,,,,,,,,,,,,,,,,,,,,,,,,,,,,,,,,,,,,,,,,,,,,,,,,,,,,,,,,,,,,,,,,,,,,,,,,,,,,,,,,,,,,,,,,,,,,,,,,,,,,,,,,,,,,,,,,,,,,,,,,,,,,,,,,,,,,,,,,,,,,,,,,,,,,,,,,,,,,,,,,,,,,,,,,,,,,,,"0","false","Tengo La Novia Más Tóxica.. Más Hermosa ... Uniqa... no La Llega Nadie Es Uniqa No Tieenne Comparación ❤️‍🩹 Te Amo Mi Pichona ❤️😍","1779914545118535939",,,,"false","es","UNIQA","https://twitter.com/search?f=&q=UNIQA",,,"0",,,,,"0","0","false",,"https://twitter.com/QaahGarcia/status/1779914545118535939","false","true","Sun Feb 05 21:20:46 +0000 2023","false","TenGo La Novia Más Linda ❤️‍🩹",,,,,,,,,,,"0","46","10","15","false","false","false","0","De Mi Amorcito ","5","Qaah Garcia","10","false",,"https://pbs.twimg.com/profile_images/1780008510656319488/PSLUsKPb_normal.jpg","QaahGarcia","1081","none",,"false",,"false","1622344272837070852","34"
"0","false","1777894356285837315","Wed Apr 10 03:00:20 +0000 2024","0","13","KaVoRoadshow","19","24","KaVo","41","50","roadshow","59","66","Europe","169","187","dentalinstruments","237","248","KaVoOnTour","249","267","DentistryRoadshow","268","277","KaVoNews",,,,,,,,,,,,"pic.twitter.com/no2zrXAeK5","https://twitter.com/KaVoDental/status/1777894356285837315/photo/1",,"Available",,,,,,,,,,,,,,,,,,,,,,,,,,,,,,,,,,,,,,,,,,,,,,,,,,,,,,,,,,,,,"1777894354184470528","278","301","3_1777894354184470528","3_1777894354184470528","https://pbs.twimg.com/media/GKxZftVWgAAv_Er.jpg","630","1125","75","0","630","630","435","0","630","553","474","0","630","315","593","0","630","1200","0","0","630","1200","630","fit","1200","630","fit","1200","357","fit","680","150","crop","150","photo","https://t.co/no2zrXAeK5",,,,,,,,,,,,,,,,,,,,,,,,,,,,,,,,,,,,,,,,,,,,,,,,,,,,,,,,,,,,,,,,,,,,,,,,,,,,,,,,,,,,,,,,,,,,,,,,,,,,,,,,,,,,,"hubs.ly/Q02scmQ00","https://hubs.ly/Q02scmQ00","213","236","https://t.co/0aUD5eOFXR",,,,,,,,,,,,,"pic.twitter.com/no2zrXAeK5","https://twitter.com/KaVoDental/status/1777894356285837315/photo/1",,"Available",,,,,,,,,,,,,,,,,,,,,,,,,,,,,,,,,,,,,,,,,,,,,,,,,,,,,,,,,,,,,"1777894354184470528","278","301","3_1777894354184470528","3_1777894354184470528","https://pbs.twimg.com/media/GKxZftVWgAAv_Er.jpg","630","1125","75","0","630","630","435","0","630","553","474","0","630","315","593","0","630","1200","0","0","630","1200","630","fit","1200","630","fit","1200","357","fit","680","150","crop","150","photo","https://t.co/no2zrXAeK5",,,,,,,,,,,,,,,,,,,,,,,,,,,,,,,,,,,,,,,,,,,,,,,,,,,,,,,,,,,,,,,,,,,,,,,,,,,,,,,,,,,,,,,,,,,,,,,,,,,,,,,,,,,,,"0","false","#KaVoRoadshow 2024
#KaVo is organizing a #roadshow through #Europe starting on April 23rd, presenting the ProXam Imaging portfolio, the KaVo uniQa as well as the latest #dentalinstruments in a traveling showroom. https://t.co/0aUD5eOFXR
#KaVoOnTour #DentistryRoadshow #KaVoNews https://t.co/no2zrXAeK5","1777894356285837315",,,,"false","en","UNIQA","https://twitter.com/search?f=&q=UNIQA","false","true","0",,,,,"0","0","false",,"https://twitter.com/KaVoDental/status/1777894356285837315","true","false","Mon Dec 06 10:22:15 +0000 2010","false","For over 110 years, our employees have been developing, manufacturing and selling high-quality products that set new market standards. 
https://t.co/G4UPELtcVZ","kavo.com/en","http://www.kavo.com/en","136","159","https://t.co/G4UPELtcVZ","kavo.com/en/privacy-pol…","http://www.kavo.com/en/privacy-policy-2023","0","23","https://t.co/rAf3QyPQwx","0","273","1323","817","false","false","false","18","Biberach an der Riß","2035","KaVoDental","1323","false","https://pbs.twimg.com/profile_banners/223420252/1680588471","https://pbs.twimg.com/profile_images/1384158079369900033/rxbLRGGT_normal.png","KaVoDental","2257","none","https://t.co/rAf3QyPQwx","false",,"false","223420252","53"
